actor,Movie_or_TV
Darren Horan,Harry Potter and the Sorcerer's Stone
Darren Horan,The Secret Policeman's Ball: The Ball in the Hall
Phil Holden,The Hollow Crown
Phil Holden,Merlin
Phil Holden,Harry Potter and the Deathly Hallows: Part 2
Phil Holden,Your Highness
Phil Holden,Hollyoaks Later
Phil Holden,Harry Potter and the Goblet of Fire
Phil Holden,Harry Potter and the Sorcerer's Stone
Phil Holden,Casualty
Phil Holden,Modern Times
Phil Holden,The Secret Policeman's Ball: The Ball in the Hall
Phil Holden,Medical Incredible
Aimee Holden,Harry Potter and the Deathly Hallows: Part 2
Aimee Holden,Harry Potter and the Sorcerer's Stone
Aimee Holden,Nanny McPhee
Aimee Holden,Medical Incredible
Maude Hirst,Vikings
Maude Hirst,The Knock
Maude Hirst,The Tudors
Maude Hirst,Nuryan
Maude Hirst,Cash and Curry
Maude Hirst,Harry Potter and the Sorcerer's Stone
Maude Hirst,Smoke
Maude Hirst,Smoke
Maude Hirst,Real Vikings
Leila Hoffman,inVERSE
Leila Hoffman,I Hate Suzie
Leila Hoffman,Code 404
Leila Hoffman,Bumps
Leila Hoffman,EastEnders
Leila Hoffman,Casualty
Leila Hoffman,Catastrophe
Leila Hoffman,The Midnight Gang
Leila Hoffman,"Sunrise, Not Sunset"
Leila Hoffman,Tracey Ullman's Show
Leila Hoffman,Speechless
Leila Hoffman,In Fabric
Leila Hoffman,Spring in Autumn
Leila Hoffman,Flowers
Leila Hoffman,Tracey Breaks the News
Leila Hoffman,Born Silly
Leila Hoffman,Bad Move
Leila Hoffman,Doctors
Leila Hoffman,Only Human
Leila Hoffman,Prevenge
Leila Hoffman,Power Monkeys
Leila Hoffman,Drifters
Leila Hoffman,Gutpunch
Leila Hoffman,Walter
Leila Hoffman,Law & Order: UK
Leila Hoffman,Quick Cuts
Leila Hoffman,It's Kevin
Leila Hoffman,ShopGirl Blog
Leila Hoffman,Bad Education
Leila Hoffman,Pusher
Leila Hoffman,Madame Bijoux
Leila Hoffman,How Not to Live Your Life
Leila Hoffman,That Hidden Camera Family
Leila Hoffman,Doctor Who
Leila Hoffman,Not Going Out
Leila Hoffman,EastEnders: Last Tango in Walford
Leila Hoffman,Skins
Leila Hoffman,With You
Leila Hoffman,Respectable
Leila Hoffman,Magnolia
Leila Hoffman,Neil's Party
Leila Hoffman,Cross-Eyed Waltz
Leila Hoffman,Beneath the Skin
Leila Hoffman,According to Bex
Leila Hoffman,The Bill
Leila Hoffman,15 Storeys High
Leila Hoffman,Doctors and Nurses
Leila Hoffman,Grass
Leila Hoffman,The Tea Party
Leila Hoffman,Harry Potter and the Sorcerer's Stone
Leila Hoffman,One Foot in the Grave
Leila Hoffman,Negative
Leila Hoffman,Felicia's Journey
Leila Hoffman,Roger Roger
Leila Hoffman,Tracey Ullman: A Class Act
Leila Hoffman,The Witches
Leila Hoffman,Screenplay
Leila Hoffman,Little Dorrit
Leila Hoffman,Vanity Fair
Leila Hoffman,The Fools on the Hill
Leila Hoffman,All the World's a Stage
Leila Hoffman,The Dybbuk
Katie Healy,Goodbye Baby Lady
Katie Healy,Harry Potter and the Chamber of Secrets
Katie Healy,Harry Potter and the Sorcerer's Stone
Richard Harris,Caesar
Richard Harris,Kaena: The Prophecy
Richard Harris,Harry Potter and the Chamber of Secrets
Richard Harris,The Count of Monte Cristo
Richard Harris,The Pearl
Richard Harris,Harry Potter and the Sorcerer's Stone
Richard Harris,My Kingdom
Richard Harris,The Apocalypse
Richard Harris,Gladiator
Richard Harris,Grizzly Falls
Richard Harris,To Walk with Lions
Richard Harris,The Barber of Siberia
Richard Harris,This Is the Sea
Richard Harris,The Hunchback of Notre Dame
Richard Harris,Smilla's Sense of Snow
Richard Harris,Trojan Eddie
Richard Harris,Divine Rapture
Richard Harris,The Great Kandinsky
Richard Harris,"Cry, the Beloved Country"
Richard Harris,Savage Hearts
Richard Harris,Wrestling Ernest Hemingway
Richard Harris,Abraham
Richard Harris,Silent Tongue
Richard Harris,Unforgiven
Richard Harris,Patriot Games
Richard Harris,The Field
Richard Harris,King of the Wind
Richard Harris,Mack the Knife
Richard Harris,Strike Commando 2
Richard Harris,Maigret
Richard Harris,Martin's Day
Richard Harris,Triumphs of a Man Called Horse
Richard Harris,Camelot
Richard Harris,Highpoint
Richard Harris,Your Ticket Is No Longer Valid
Richard Harris,Tarzan the Ape Man
Richard Harris,The Last Word
Richard Harris,Game for Vultures
Richard Harris,Ravagers
Richard Harris,The Wild Geese
Richard Harris,Golden Rendezvous
Richard Harris,Orca
Richard Harris,Gulliver's Travels
Richard Harris,The Cassandra Crossing
Richard Harris,The Return of a Man Called Horse
Richard Harris,Robin and Marian
Richard Harris,Echoes of a Summer
Richard Harris,Juggernaut
Richard Harris,99 and 44/100% Dead!
Richard Harris,The Deadly Trackers
Richard Harris,Man in the Wilderness
Richard Harris,The Snow Goose
Richard Harris,The Hero
Richard Harris,Cromwell
Richard Harris,A Man Called Horse
Richard Harris,The Molly Maguires
Richard Harris,Caprice
Richard Harris,Camelot
Richard Harris,Hawaii
Richard Harris,The Bible: In the Beginning...
Richard Harris,The Heroes of Telemark
Richard Harris,Major Dundee
Richard Harris,I tre volti
Richard Harris,Red Desert
Richard Harris,This Sporting Life
Richard Harris,Mutiny on the Bounty
Richard Harris,The Guns of Navarone
Richard Harris,Jungle Fighters
Richard Harris,The Night Fighters
Richard Harris,Armchair Theatre
Richard Harris,The Wreck of the Mary Deare
Richard Harris,Shake Hands with the Devil
Richard Harris,Alive and Kicking
Richard Harris,The DuPont Show of the Month
Richard Harris,ITV Television Playhouse
Richard Harris,ITV Play of the Week
Richard Harris,The Return of a Man Called Horse
Richard Harris,Echoes of a Summer
Richard Harris,The Hero
Richard Harris,The Tonight Show Starring Jimmy Fallon
Richard Harris,The Wrecking Crew!
Richard Harris,'Weird Al' Yankovic: The Ultimate Video Collection
Richard Harris,'Weird Al' Yankovic Live!
Richard Harris,Trojan Eddie
Richard Harris,Unhook the Stars
Richard Harris,The Tonight Show Starring Johnny Carson
Richard Harris,"Here's Looking at You, Warner Bros."
Richard Harris,Mack the Knife
Richard Harris,Echoes of a Summer
Richard Harris,Burt Bacharach in Shangri-La
Richard Harris,The Molly Maguires
Richard Harris,The Ed Sullivan Show
Richard Harris,Camelot
Richard Harris,The Milton Berle Show
Richard Harris,Major Dundee
Richard Harris,This Sporting Life
Richard Harris,The Hero
Richard Harris,"Creating the World of Harry Potter, Part 1: The Magic Begins"
Richard Harris,"Life, the Universe and Douglas Adams"
Richard Harris,Caesar
Richard Harris,Kaena: The Prophecy
Richard Harris,Clint Eastwood: A Cinematic Legacy
Richard Harris,The Making of 'Julius Caesar'
Richard Harris,Interviews with Professors & More
Richard Harris,9th Annual Screen Actors Guild Awards
Richard Harris,Das große RTL Special zum Film
Richard Harris,Airport
Richard Harris,Arthur: King of the Britons
Richard Harris,Muhammad Ali: Through the Eyes of the World
Richard Harris,Late Show with David Letterman
Richard Harris,The Rosie O'Donnell Show
Richard Harris,Friday Night with Jonathan Ross
Richard Harris,+ de cinéma
Richard Harris,60 Minutes
Richard Harris,Hellraisers
Richard Harris,HBO First Look
Richard Harris,The Tonight Show with Jay Leno
Richard Harris,AFI's 100 Years... 100 Stars: America's Greatest Screen Legends
Richard Harris,Smilla's Sense of Snow: On Location Interviews
Richard Harris,The Making of 'Fräulein Smillas Gespür für Schnee'
Richard Harris,Late Night with Conan O'Brien
Richard Harris,Omnibus
Richard Harris,The 16th Annual CableACE Awards
Richard Harris,Hollywood U.K.
Richard Harris,The 65th Annual Academy Awards
Richard Harris,Eastwood & Co.: Making 'Unforgiven'
Richard Harris,Clint Eastwood on Westerns
Richard Harris,The Tonight Show Starring Johnny Carson
Richard Harris,One on One with John Tesh
Richard Harris,AFI Life Achievement Award
Richard Harris,Die Peter Ustinov Gala - Ein Abend zu seinem 70. Geburtstag aus dem UNESCO-Center in Paris
Richard Harris,The 63rd Annual Academy Awards
Richard Harris,The 17th Annual People's Choice Awards
Richard Harris,Late Night with David Letterman
Richard Harris,The 48th Annual Golden Globe Awards 1991
Richard Harris,This Is Your Life
Richard Harris,The Evening Standard Drama Awards
Richard Harris,Wogan
Richard Harris,Aspel & Company
Richard Harris,Parkinson One to One
Richard Harris,Freedomfest: Nelson Mandela's 70th Birthday Celebratation
Richard Harris,Lerner and Loewe: Broadway's Last Romantics
Richard Harris,The Media Show
Richard Harris,The Last Resort
Richard Harris,"Josh, the Logan Legend"
Richard Harris,The Royal Variety Performance 1982
Richard Harris,The Russell Harty Show
Richard Harris,Good Morning America
Richard Harris,Night of One Hundred Stars
Richard Harris,It'll Be Alright on the Night 2
Richard Harris,Stars' War - The Flight of the Wild Geese
Richard Harris,The Mike Douglas Show
Richard Harris,The 35th Annual Golden Globe Awards
Marc Hendrey,The Reverie
Marc Hendrey,The Protector
Marc Hendrey,Return of the Beast
Marc Hendrey,Going Nowhere
Marc Hendrey,Brotherly Love UK
Marc Hendrey,One Tonne
Marc Hendrey,Tell Tale
Marc Hendrey,Footballers Wive$: Overtime
Marc Hendrey,The Bill
Marc Hendrey,Harry Potter and the Sorcerer's Stone
Marc Hendrey,Antisocial
Richard Harris,Film 2018
Richard Harris,A Walk in the Forest
Richard Harris,Dinah!
Richard Harris,The 32nd Annual Golden Globe Awards
Richard Harris,Parkinson
Richard Harris,Burt Bacharach in Shangri-La
Richard Harris,"Today Mexico, Tomorrow the World"
Richard Harris,The Dave Cash Radio Show
Richard Harris,The Merv Griffin Show
Richard Harris,The 44th Annual Academy Awards
Richard Harris,The 14th Annual Grammy Awards
Richard Harris,The David Frost Show
Richard Harris,Grand Prix R.T.L. International 71
Richard Harris,The Dick Cavett Show
Richard Harris,An Toileanach a Dfhill
Richard Harris,Neues aus der Welt des Films
Richard Harris,Top of the Pops
Richard Harris,Dee Time
Richard Harris,The Joey Bishop Show
Richard Harris,Here's Peggy Fleming
Paul Grant,Harry Potter and the Sorcerer's Stone
Paul Grant,The Dead
Paul Grant,Labyrinth
Paul Grant,Star Wars: Episode VI - Return of the Jedi
Paul Grant,Willow
Paul Grant,Labyrinth
Paul Grant,Legend
Paul Grant,Liquid Assets
Paul Grant,Star Wars: Battlefront
Richard Harris,Once More with Felix
Richard Harris,The Hollywood Palace
Richard Harris,The Don Rickles Show
Richard Harris,It's Happening
Richard Harris,The Ed Sullivan Show
Richard Harris,The 25th Annual Golden Globe Awards
Richard Harris,The 39th Annual Academy Awards
Richard Harris,The 24th Annual Golden Globe Awards
Richard Harris,Cinema
Richard Harris,The Milton Berle Show
Richard Harris,The Eamonn Andrews Show
Richard Harris,Cinépanorama
Richard Harris,Dateline
Richard Harris,Art Carney Special
Richard Harris,Harry Potter 20th Anniversary: Return to Hogwarts
Richard Harris,Clint Eastwood: A Cinematic Legacy
Richard Harris,Cineficción Radio
Richard Harris,Fear Darb Ainm Harris
Richard Harris,Die Hardy Krüger-Story
Richard Harris,Talking Pictures
Richard Harris,"Creating the World of Harry Potter, Part 8: Growing Up"
Richard Harris,Reeling in the Years
Richard Harris,Interview mit Produzent Euan Lloyd und Ingrid Pitt
Richard Harris,Lego Harry Potter: Years 1-4
Richard Harris,"Creating the World of Harry Potter, Part 1: The Magic Begins"
Richard Harris,"Creating the World of Harry Potter, Part 2: Characters"
Richard Harris,Hollywood Singing & Dancing: A Musical History - 1960's
Richard Harris,How the West Was Lost
Richard Harris,Banda sonora
Richard Harris,Never Apologize
Richard Harris,Passion & Poetry: Major Dundee
Richard Harris,Cinema mil
Richard Harris,Strength and Honor: Creating the World of 'Gladiator'
Richard Harris,Build a Scene
Richard Harris,The 75th Annual Academy Awards
Richard Harris,60 Minutes
Richard Harris,Biography
Richard Harris,The Secret World of Spying
Richard Harris,The Tonight Show Starring Johnny Carson
Richard Harris,The World's Greatest Stunts: A Tribute to Hollywood Stuntmen
Richard Harris,Wild Geese II
Richard Harris,The Story of Camelot
Gizmo,Harry Potter and the Deathly Hallows: Part 1
Gizmo,Harry Potter and the Order of the Phoenix
Gizmo,Harry Potter and the Goblet of Fire
Gizmo,Harry Potter and the Chamber of Secrets
Gizmo,Harry Potter and the Sorcerer's Stone
Gizmo,Harry Potter and the Sorcerer's Stone
Holly-Ann Filtness,Harry Potter and the Sorcerer's Stone
Holly-Ann Filtness,Return to the Secret Garden
Holly-Ann Filtness,"Hey, Mr. Producer! The Musical World of Cameron Mackintosh"
Julianne Hough,One Hit Wendy
Julianne Hough,Hit Job
Julianne Hough,Fresh Holiday Moments with Derek & Julianne Hough
Julianne Hough,Royalties
Julianne Hough,Dolly Parton's Heartstrings
Julianne Hough,Bigger
Julianne Hough,The Steam Engines of Oz
Julianne Hough,Speechless
Julianne Hough,Grease Live!
Julianne Hough,Dirty Grandpa
Julianne Hough,Another Curve
Julianne Hough,Curve
Julianne Hough,Paradise
Julianne Hough,Safe Haven
Julianne Hough,Rock of Ages
Julianne Hough,Footloose
Julianne Hough,Burlesque
Julianne Hough,Julianne Hough: That Song in My Head
Julianne Hough,Harry Potter and the Sorcerer's Stone
Julianne Hough,One Hit Wendy
Julianne Hough,Step Into... The Movies
Julianne Hough,Holidays with the Houghs
Julianne Hough,My Last Days
Julianne Hough,Disney Parks Magical Christmas Celebration
Julianne Hough,Miss USA Pageant
Julianne Hough,Disney Parks' Magical Christmas Celebration
Julianne Hough,The Wonderful World of Disney Magical Holiday Celebration
Julianne Hough,Miss USA Pageant
Julianne Hough,#DanceBattle America
Julianne Hough,Step Into... The Movies
Julianne Hough,Disney Parks Magical Christmas Day Celebration
Julianne Hough,Royalties
Julianne Hough,The Disney Family Singalong Volume 2
Julianne Hough,The Disney Family Singalong
Julianne Hough,Dolly Parton's Heartstrings
Julianne Hough,Grease Live!
Julianne Hough,Dirty Grandpa
Julianne Hough,Paradise
Julianne Hough,Rock of Ages
Julianne Hough,Dancing with the Stars
Julianne Hough,Today
Julianne Hough,Step Into... The Movies
Julianne Hough,Celebrity Page
Julianne Hough,Entertainment Tonight
Julianne Hough,Tamron Hall
Julianne Hough,GMA3: What You Need to Know
Julianne Hough,The Ellen DeGeneres Show
Julianne Hough,The Family Film Awards
Julianne Hough,Disney Parks Magical Christmas Day Parade
Julianne Hough,Dancing with the Stars
Julianne Hough,Work in Progress with Sophia Bush
Julianne Hough,The Drew Barrymore Show
Julianne Hough,What She's Having
Julianne Hough,Fresh Holiday Moments
Julianne Hough,Disney Parks Magical Christmas Day Celebration
Julianne Hough,Younga
Julianne Hough,The Disney Holiday Singalong
Julianne Hough,The Wonderful World of Disney: Magical Holiday Celebration
Julianne Hough,Becoming
Julianne Hough,The 2020 ESPY Awards
Julianne Hough,MTV Prom-Athon
Julianne Hough,The Disney Family Singalong Volume 2
Julianne Hough,The Disney Family Singalong
Julianne Hough,The Goop Lab
Julianne Hough,NBC's New Year's Eve
Julianne Hough,NBC's New Years Eve
Julianne Hough,Holidays with the Houghs
Julianne Hough,The Kelly Clarkson Show
Julianne Hough,America's Got Talent
Julianne Hough,Extra with Billy Bush
Julianne Hough,AGT: Heroes
Julianne Hough,2019 Billboard Music Awards
Julianne Hough,The Doctors
Julianne Hough,Steve
Julianne Hough,My Last Days
Julianne Hough,The Chew
Julianne Hough,Access Hollywood
Julianne Hough,Disney Parks Magical Christmas Celebration
Julianne Hough,And the Winner Isn't
Julianne Hough,2017 Primetime Creative Arts Emmy Awards
Julianne Hough,Rachael Ray
Julianne Hough,Hand in Hand: A Benefit for Hurricane Relief
Julianne Hough,Miss USA
Julianne Hough,Miss USA Pageant
Julianne Hough,Harry
Julianne Hough,The Insider
Julianne Hough,The Talk
Julianne Hough,Good Morning America
Julianne Hough,The Wonderful World of Disney Magical Holiday Celebration
Julianne Hough,The Late Late Show with James Corden
Julianne Hough,2016 Primetime Creative Arts Emmy Awards
Julianne Hough,Lex & Los
Julianne Hough,Running Wild with Bear Grylls
Julianne Hough,Access Daily
Julianne Hough,Miss USA 2016
Julianne Hough,Miss USA Pageant
Julianne Hough,iHeartRadio Music Awards 2016
Julianne Hough,Tony Robbins: I Am Not Your Guru
Julianne Hough,"Justine Magazine: ""Grease: Live!"" Cast Interviews, Rehearsal and Set Sneak Peek!"
Julianne Hough,Live with Kelly and Ryan
Julianne Hough,The Tonight Show Starring Jimmy Fallon
Julianne Hough,The 42nd Annual People's Choice Awards
Julianne Hough,American Music Awards 2015
Julianne Hough,2015 Primetime Creative Arts Emmy Awards
Julianne Hough,Lip Sync Battle
Julianne Hough,The Meredith Vieira Show
Julianne Hough,Fox's Cause for Paws: An All-Star Dog Spectacular
Julianne Hough,The Queen Latifah Show
Julianne Hough,American Music Awards 2014
Julianne Hough,Conan
Scott English,Harry Potter and the Sorcerer's Stone
Scott English,Get Santa
Julianne Hough,Nashville
Julianne Hough,Zoe Saldana Presents My Hero
Julianne Hough,Inside Edition
Julianne Hough,Jimmy Kimmel Live!
Julianne Hough,2014 MTV Video Music Awards
Julianne Hough,Radio Disney Music Awards
Julianne Hough,Made in Hollywood
Julianne Hough,Anderson Live
Julianne Hough,Big Morning Buzz Live
Julianne Hough,Chelsea Lately
Julianne Hough,Watch What Happens Live with Andy Cohen
Julianne Hough,Young Hollywood
Julianne Hough,The 39th Annual People's Choice Awards
Julianne Hough,Dancing with the 'Footloose' Stars
Derek Hough,High School Musical: The Musical - The Series
Derek Hough,Fresh Holiday Moments with Derek & Julianne Hough
Derek Hough,Lindsey Stirling: Between Twilight
Derek Hough,Untitled Kourtney Kang Project
Derek Hough,Derek Hough Hold On
Derek Hough,Michael Bublé: I Believe in You
Julianne Hough,Everybody Cut: The Stars of 'Footloose'
Julianne Hough,Jump Back: Re-Imagining 'Footloose'
Julianne Hough,Larry King Now
Julianne Hough,Project Runway Spotlight: Marchesa
Julianne Hough,Janela Indiscreta
Julianne Hough,Up Close with Carrie Keagan
Julianne Hough,Guys Choice Awards 2012
Julianne Hough,IC Places Hollywood
Julianne Hough,Late Night with Jimmy Fallon
Julianne Hough,Punk'd
Derek Hough,Hairspray Live!
Derek Hough,Lindsey Stirling: The Arena
Derek Hough,Nashville
Derek Hough,Jane the Virgin
Derek Hough,Make Your Move
Derek Hough,Rock of Ages
Derek Hough,Better with You
Derek Hough,Lil' Kim: Download feat. T-Pain and Charlie Wilson
Derek Hough,Harry Potter and the Sorcerer's Stone
Derek Hough,Michael Bublé: Higher
Derek Hough,Derek Hough (Cover): Anyone
Julianne Hough,The 2012 Billboard Music Awards
Julianne Hough,The Tonight Show with Jay Leno
Julianne Hough,American Idol
Julianne Hough,The 54th Annual Grammy Awards
Julianne Hough,The 38th Annual People's Choice Awards
Julianne Hough,Daybreak
Julianne Hough,Strictly Come Dancing
Julianne Hough,Strictly Come Dancing: It Takes Two
Julianne Hough,The Marilyn Denis Show
Derek Hough,Derek Hough Hold On
Derek Hough,Michael Bublé: I Believe in You
Derek Hough,Step Into... The Movies
Derek Hough,Lindsey Stirling: Between Twilight
Derek Hough,Better with You
Derek Hough,The Disney Family Singalong Volume 2
Derek Hough,The Disney Family Singalong
Derek Hough,Hairspray Live!
Derek Hough,Disneyland 60th Anniversary TV Special
Derek Hough,Dancing with the Stars
Derek Hough,Step Into... The Movies
Derek Hough,The Wonderful World of Disney: Magical Holiday Celebration
Julianne Hough,Keeping Up with the Kardashians
Julianne Hough,Sidewalks Entertainment
Julianne Hough,46th Annual Academy of Country Music Awards
Julianne Hough,The 53rd Annual Grammy Awards
Julianne Hough,Red Carpet Report
Julianne Hough,2010 American Music Awards
Julianne Hough,CMT Insider
Julianne Hough,Dance with Julianne: Cardio Ballroom
Julianne Hough,The 43rd Annual Country Music Association Awards
Julianne Hough,CMA Music Festival: Country's Night to Rock
Derek Hough,Holidays with the Houghs
Derek Hough,The Talk
Derek Hough,Celebrity Page
Derek Hough,Step Into... The Movies
Derek Hough,Tamron Hall
Derek Hough,Entertainment Tonight
Derek Hough,The Kelly Clarkson Show
Derek Hough,Disney Parks Magical Christmas Day Parade
Derek Hough,Live with Kelly and Ryan
Derek Hough,The Wonderful World of Disney: Magical Holiday Celebration
Derek Hough,Dancing with the Stars
Derek Hough,The Queen Family Singalong
Julianne Hough,2009 CMT Music Awards
Julianne Hough,2009 CMT Music Awards Live Red Carpet Special
Julianne Hough,Larry King Live
Julianne Hough,Christmas in Washington
Julianne Hough,2008 American Music Awards
Julianne Hough,42nd Annual Country Music Association Awards
Julianne Hough,Disney 365
Julianne Hough,The Bonnie Hunt Show
Julianne Hough,CMA Music Festival: Country Music's Biggest Party
Julianne Hough,The View
Julianne Hough,43rd Annual Academy of Country Music Awards
Derek Hough,Good Morning America
Derek Hough,Daily Blast Live
Derek Hough,Sidewalks Entertainment
Derek Hough,The 43rd Annual Kennedy Center Honors
Derek Hough,Dish Nation
Derek Hough,Fresh Holiday Moments
Derek Hough,HGTV House Party
Derek Hough,MTV Movie & TV Awards: Greatest of All Time
Derek Hough,The Disney Holiday Singalong
Derek Hough,Martha Knows Best
Derek Hough,The Wonderful World of Disney: Magical Holiday Celebration
Derek Hough,The Real
Julianne Hough,The Oprah Winfrey Show
Julianne Hough,Walt Disney World Christmas Day Parade
Julianne Hough,2007 American Music Awards
Julianne Hough,20/20
Julianne Hough,Show Me the Money
Julianne Hough,XIX Winter Olympics Opening Ceremony
Julianne Hough,Entertainment Tonight
Julianne Hough,Morning Express with Robin Meade
Julianne Hough,Celebrity Page
Julianne Hough,Access Hollywood
Julianne Hough,Extra with Billy Bush
Derek Hough,American Music Awards 2020
Derek Hough,The Ellen DeGeneres Show
Derek Hough,World of Dance
Derek Hough,A One-Time Special
Derek Hough,7th Annual Reality Television Awards
Derek Hough,The 2020 ESPY Awards
Derek Hough,The Morning Show
Derek Hough,The Disney Family Singalong Volume 2
Derek Hough,The Disney Family Singalong
Derek Hough,Home & Family
Derek Hough,Holidays with the Houghs
Derek Hough,9th Annual Streamy Awards
Derek Hough,Today
Rusty Goffe,Spidarlings
Rusty Goffe,Borgia
Rusty Goffe,Doctor Who
Rusty Goffe,Harry Potter and the Deathly Hallows: Part 2
Rusty Goffe,Little Howard's Big Question
Rusty Goffe,Bear Behaving Badly
Rusty Goffe,Harry Potter and the Half-Blood Prince
Julianne Hough,The Insider
Julianne Hough,Inside Edition
Julianne Hough,Chelsea Lately
Julianne Hough,Made in Hollywood
Julianne Hough,E! Special: Burlesque
Julianne Hough,2008 INDYCar Series Season Preview
Derek Hough,2019 Primetime Creative Arts Emmy Awards
Derek Hough,Hollywood Game Night
Derek Hough,Access Hollywood
Derek Hough,Macy's Fourth of July Fireworks Spectacular
Derek Hough,Good Mythical Morning
Rusty Goffe,The Color of Magic
Rusty Goffe,Fred Claus
Rusty Goffe,Urban Legends
Rusty Goffe,Harry Potter and the Order of the Phoenix
Rusty Goffe,Ein Kitten für Hitler
Rusty Goffe,ChuckleVision
Rusty Goffe,Stupid
Rusty Goffe,Mrs. Henderson Presents
Rusty Goffe,Mirrormask
Rusty Goffe,Eyes Down
Rusty Goffe,Cold Feet
Rusty Goffe,The League of Gentlemen
Gary Wronecki,Adventures of the Crystal Skull
Gary Wronecki,Skullz
Gary Wronecki,Falling in Love
Gary Wronecki,Riot
Gary Wronecki,The Inevitable
Gary Wronecki,Pull Out the Stopper
Gary Wronecki,Run Though the Forest Run
Gary Wronecki,London Hood
Gary Wronecki,The Wolds
Gary Wronecki,Dead of the Nite
Derek Hough,A Legendary Christmas with John and Chrissy
Derek Hough,The 2018 Primetime Creative Arts Emmy Awards
Derek Hough,Red Carpet Report
Derek Hough,Life in Motion with Derek Hough
Derek Hough,Running Wild with Bear Grylls
Derek Hough,Lip Sync Battle Preshow
Derek Hough,The Tonight Show Starring Jimmy Fallon
Derek Hough,American Ninja Warrior
Derek Hough,2018 Billboard Music Awards
Derek Hough,E! Live from the Red Carpet
Derek Hough,A Little Help with Carol Burnett
Rusty Goffe,Ali G Indahouse
Rusty Goffe,Harry Potter and the Sorcerer's Stone
Rusty Goffe,Day Release
Rusty Goffe,Potamus Park
Rusty Goffe,Under the Moon
Rusty Goffe,Funny Bones
Rusty Goffe,The Brian Conley Show
Rusty Goffe,U.F.O.
Rusty Goffe,Death in Venice
Rusty Goffe,Through the Dragon's Eye
Rusty Goffe,The Russ Abbot Show
Rusty Goffe,Willow
Rusty Goffe,'Allo 'Allo!
Rusty Goffe,All the World's a Stage
Gary Wronecki,The Fall of the Essex Boys
Gary Wronecki,The Ice Cream Wars
Gary Wronecki,The Fear
Gary Wronecki,Jab Tak Hai Jaan
Gary Wronecki,Offender
Gary Wronecki,Thunderpants
Gary Wronecki,Harry Potter and the Sorcerer's Stone
Gary Wronecki,The Sight
Gary Wronecki,Shafted
Gary Wronecki,A Hundred Years Apart
Gary Wronecki,Pull Out the Stopper
Gary Wronecki,Run Though the Forest Run
Gary Wronecki,The Wolds
Gary Wronecki,Betrayal
Derek Hough,Man Enough
Derek Hough,One Voice Somos Live: A Concert for Disaster Relief
Derek Hough,America's Got Talent
Derek Hough,2017 Primetime Creative Arts Emmy Awards
Derek Hough,Extra with Billy Bush
Derek Hough,Access Daily
Derek Hough,The Insider
Derek Hough,Daily Pop
Derek Hough,The Chew
Derek Hough,The Wendy Williams Show
Derek Hough,American Ninja Warrior: Celebrity Edition
Rusty Goffe,Are You Being Served?
Rusty Goffe,The Kenny Everett Television Show
Rusty Goffe,The Jim Davidson Show
Rusty Goffe,The Goodies
Rusty Goffe,The Paul Squire Show
Rusty Goffe,Razzmatazz
Rusty Goffe,History of the World: Part I
Rusty Goffe,Here Comes Channel 8
Rusty Goffe,Flash Gordon
Rusty Goffe,"The Lion, the Witch & the Wardrobe"
Rusty Goffe,The Little and Large Show
Rusty Goffe,Play for Today
Rusty Goffe,Hazell
Gary Wronecki,The Wolds
Gary Wronecki,Believe the Magic
Gary Wronecki,Elephant Juice
Derek Hough,Harry
Derek Hough,The Doctors
Derek Hough,Rachael Ray
Derek Hough,The Wonderful World of Disney Magical Holiday Celebration
Derek Hough,Shorebreak: The Clark Little Story
Derek Hough,2016 Primetime Creative Arts Emmy Awards
Derek Hough,iHeartRadio Music Awards 2016
Derek Hough,Tony Robbins: I Am Not Your Guru
Rusty Goffe,The Two Ronnies
Rusty Goffe,Look and Read
Rusty Goffe,Star Wars
Rusty Goffe,Disciple of Death
Rusty Goffe,Willy Wonka & the Chocolate Factory
Rusty Goffe,The Dave Allen Show
Rusty Goffe,These Are the Actors You're Looking For!
Rusty Goffe,Invisible Heroes
Rusty Goffe,The Panto Podcast
Rusty Goffe,Dwarfs in Art: A New Perspective
Rusty Goffe,These Are the Actors You're Looking For!
Rusty Goffe,Bizarre Transmissions from the Bermuda Triangle
Rusty Goffe,The 90s: The Best of Bad TV
Rusty Goffe,Xandermonium
Rusty Goffe,When Harry Left Hogwarts
Derek Hough,Disneyland 60th Anniversary TV Special
Derek Hough,Jimmy Kimmel Live!
Derek Hough,The View
Derek Hough,2015 Hero Dog Awards
Derek Hough,2015 Primetime Creative Arts Emmy Awards
Derek Hough,Lip Sync Battle
Derek Hough,Mark & Derek's Excellent Flip
Derek Hough,Inside Edition
Derek Hough,2014 Young Hollywood Awards
Derek Hough,E! News
Derek Hough,A Hollywood Christmas at the Grove
Rusty Goffe,The 100 Greatest Family Films
Rusty Goffe,The Wonderful World of Roald Dahl
Rusty Goffe,After They Were Famous
Rusty Goffe,The 100 Greatest Musicals
Rusty Goffe,The Salon
Rusty Goffe,Dwarves in Showbiz
Rusty Goffe,Wizard World Chicago 2002
Rusty Goffe,Pure Imagination: The Story of 'Willy Wonka and the Chocolate Factory'
Rusty Goffe,The Joe Pasquale Show
Rusty Goffe,Jim Davidson Comedy Package
Rusty Goffe,Children's Royal Variety Performance
Rusty Goffe,Super Troupers
Rusty Goffe,3-2-1
Rusty Goffe,Crackerjack!
Derek Hough,The Arsenio Hall Show
Derek Hough,The 65th Primetime Emmy Awards
Derek Hough,Family Dance Off
Derek Hough,CMA Music Festival: Country's Night to Rock
Derek Hough,2013 Young Hollywood Awards
Derek Hough,Good Day L.A.
Derek Hough,Wonderview
Derek Hough,Fighters Only Mixed Martial Arts Awards IV
Derek Hough,What's Up Orange County
Derek Hough,Ridiculousness
Derek Hough,Piers Morgan's Life Stories
Derek Hough,Extreme Makeover: Home Edition
Rusty Goffe,Troma Presents: Spidarlings Behind the Scenes
Rusty Goffe,Room 101
Derek Hough,The Oprah Winfrey Show
Derek Hough,Who Wants to Be a Millionaire
Derek Hough,Cheryl Cole's Night In
Derek Hough,The Bonnie Hunt Show
Derek Hough,Walt Disney World Christmas Day Parade
Derek Hough,2007 American Music Awards
Derek Hough,20/20
Derek Hough,DanceX
Derek Hough,XIX Winter Olympics Opening Ceremony
Derek Hough,Entertainment Tonight
Derek Hough,Morning Express with Robin Meade
Derek Hough,Live with Kelly and Ryan
Derek Hough,Celebrity Page
Derek Hough,Access Hollywood
Derek Hough,Extra with Billy Bush
Derek Hough,The Insider
Derek Hough,Inside Edition
Derek Hough,The Tonight Show with Jay Leno
Derek Hough,E! True Hollywood Story
Brian Wheeler,De Biker Boys
Brian Wheeler,Ways of Seeing
Brian Wheeler,Wacky Races
Brian Wheeler,Life's Too Short
Brian Wheeler,Harry Potter and the Deathly Hallows: Part 2
Brian Wheeler,Stag Night of the Dead
Brian Wheeler,Dangerous Parking
Brian Wheeler,Harry Potter and the Goblet of Fire
Brian Wheeler,The Phantom of the Opera
Brian Wheeler,Harry Potter and the Sorcerer's Stone
Brian Wheeler,Hard Men
Brian Wheeler,The NeverEnding Story
Brian Wheeler,Star Wars: Episode VI - Return of the Jedi
Brian Wheeler,Life After Atreyu
Brian Wheeler,Ckds at the Cons: Chippenham 2014
Brian Wheeler,Trapped!
Brian Wheeler,Top Gear
Dani Harmer,The Beaker Girls
Dani Harmer,My Mum Tracy Beaker
Dani Harmer,Secret Life of Boys
Dani Harmer,The Dumping Ground
Dani Harmer,The Celebs: Rock with Rudolph
Dani Harmer,Sarah and Duck
Dani Harmer,Dani's Castle
Dani Harmer,Dani's House
Dani Harmer,Tracy Beaker Returns
Dani Harmer,The Tracy Beaker Survival Files
Dani Harmer,The Itch of the Golden Nit
Dani Harmer,Little Crackers
Dani Harmer,Waiting in Rhyme
Dani Harmer,After You've Gone: Deleted Scenes
Dani Harmer,After You've Gone
Dani Harmer,The Beeps
Dani Harmer,Coming of Age
Dani Harmer,Mighty Truck of Stuff
Dani Harmer,The Children's Party at the Palace
Dani Harmer,The Story of Tracy Beaker
Dani Harmer,Tracy Beaker Parties with Pudsey
Dani Harmer,Tracy Beaker's 'The Movie of Me'
Dani Harmer,My Family
Dani Harmer,Trial & Retribution
Dani Harmer,Harry Potter and the Sorcerer's Stone
Dani Harmer,Beast
Dani Harmer,The 10th Kingdom
Dani Harmer,Pie in the Sky
Dani Harmer,Dani's Castle
Dani Harmer,Loose Women
Dani Harmer,Celebrity Mastermind
Dani Harmer,(K)nox: The Rob Knox Story
Dani Harmer,Art Jam
Dani Harmer,Saturday Mash-Up
Dani Harmer,The One Show
Dani Harmer,Pointless Celebrities
Dani Harmer,Celebrity Chase
Dani Harmer,Big Brother's Bit on the Side
Dani Harmer,The British Soap Awards 2014
Dani Harmer,Newsround
Dani Harmer,What's Cooking? From the Sainsbury's Kitchen
Dani Harmer,Walk on the Wild Side
Dani Harmer,Sunday Brunch
Dani Harmer,Strictly Come Dancing
Dani Harmer,Strictly Come Dancing: It Takes Two
Dani Harmer,Lorraine
Dani Harmer,VIP People
Dani Harmer,12 Again
Dani Harmer,Let's Dance for Sport Relief
Dani Harmer,The Wright Stuff
Dani Harmer,Hacker Time
Dani Harmer,Blue Peter
Dani Harmer,Friday Download
Dani Harmer,My Life
Dani Harmer,Loose Women
Dani Harmer,After You've Gone: Outtakes
Dani Harmer,TMi
Dani Harmer,Hider in the House
Dani Harmer,SMart!
Dani Harmer,Dick and Dom in da Bungalow
Dani Harmer,The Weakest Link
Dani Harmer,Smile
Dani Harmer,The Saturday Show
Dani Harmer,The Dumping Ground
Dani Harmer,The Dumping Ground Survival Files
Dani Harmer,Newsround
Dani Harmer,Hider in the House
Dolly Thompson,Gokusen
Dolly Thompson,Survive Style 5+
Dolly Thompson,Harry Potter and the Sorcerer's Stone
Bernadette Jane Vanderkar,Desperate Pursuit
Bernadette Jane Vanderkar,ShakespeaRe-Told
Bernadette Jane Vanderkar,De-Lovely
Bernadette Jane Vanderkar,Silent Witness
Bernadette Jane Vanderkar,Code 46
Bernadette Jane Vanderkar,Thunderpants
Bernadette Jane Vanderkar,Tom & Thomas
Bernadette Jane Vanderkar,Harry Potter and the Sorcerer's Stone
Bernadette Jane Vanderkar,"Goodbye, Mr Steadman"
Darren Tough,Taxi Joe: Fire
Darren Tough,Lee Nelson's Well Funny People
Darren Tough,The Look of Love
Darren Tough,Twisted Love
Darren Tough,Harry Potter and the Sorcerer's Stone
Darren Tough,Hello: A Portrait of Leslie Phillips
Darren Tough,Living the Life
Jimmy Vee,The Naughty Boys
Jimmy Vee,Bite
Jimmy Vee,Rocketman
Jimmy Vee,Train Set
Jimmy Vee,Star Wars: Episode VIII - The Last Jedi
Jimmy Vee,Trust Me
Jimmy Vee,Pan
Jimmy Vee,Doctor Who
Jimmy Vee,Harry Potter and the Escape from Gringotts
Jimmy Vee,The Hogwarts Express
Jimmy Vee,The Sarah Jane Adventures
Jimmy Vee,Harry Potter and the Forbidden Journey
Jimmy Vee,Kilt Man
Jimmy Vee,The Sarah Jane Adventures: Comic Relief Special
Jimmy Vee,Doctor Who: Music of the Spheres
Jimmy Vee,Skins: Secret Party
Jimmy Vee,Doctor Who: Attack of the Graske
Jimmy Vee,Weirdsister College
Jimmy Vee,Harry Potter and the Sorcerer's Stone
Jimmy Vee,Solo: A Star Wars Story
Jimmy Vee,Pointless Celebrities
Jimmy Vee,Under the Radar: The Mike Edmonds Story (The Extended Cut)
Jimmy Vee,Monday Morning Critic Podcast
Jimmy Vee,Under the Radar: The Mike Edmonds Story
Jimmy Vee,Doctor Who Extra
Jimmy Vee,Doctor Who at the Proms
Jimmy Vee,Doctor Who Confidential
Jimmy Vee,The Destinations of Doctor Who
Jimmy Vee,SJA: Alien Files
Jasmin Walia,Mohan Arms
Jasmin Walia,Jasmin Walia & Asim Riaz: Nights N Fights
Jasmin Walia,Jasmin Walia: Mañana
Jasmin Walia,Jasmin Walia: Sahara
Jasmin Walia,"Zack Knight, Jasmin Walia: Bom Diggy"
Jasmin Walia,Jasmin Walia: Go Down
Jasmin Walia,Jasmin Walia: Temple
Jasmin Walia,Jasmin Walia: Girl Like Me
Jasmin Walia,Doctors
Jasmin Walia,The Bill
Jasmin Walia,Casualty
Jasmin Walia,Harry Potter and the Sorcerer's Stone
Jasmin Walia,Jasmin Walia & Asim Riaz: Nights N Fights
Jasmin Walia,Jasmin Walia: Mañana
Jasmin Walia,Jasmin Walia: Sahara
Jasmin Walia,Jasmin Walia: Go Down
Jasmin Walia,Jasmin Walia: Temple
Jasmin Walia,Sonu Ke Titu Ki Sweety
Jasmin Walia,Sonu Ke Titu Ki Sweety
Jasmin Walia,Desi Rascals
Jasmin Walia,The Only Way Is Essex
Jasmin Walia,The Only Way Is Essex: All Back to Essex
Jasmin Walia,Pride of Britain Awards
Jasmin Walia,The Xtra Factor
Jasmin Walia,The Only Way Is Essex: All Back to Essex
Zoe Sugg,More Zoella
Zoe Sugg,Zoella
Zoe Sugg,More Zoella
Zoe Sugg,Zoella
Zoe Sugg,More Zoella
Zoe Sugg,Zoella
Zoe Sugg,Youtuber Horror Movie
Zoe Sugg,Inaya Day: Nasty Girl
Zoe Sugg,Harry Potter and the Sorcerer's Stone
Zoe Sugg,More Zoella
Zoe Sugg,Zoella
Zoe Sugg,More Zoella
Zoe Sugg,Zoella
Zoe Sugg,At Home with the Buckleys
Zoe Sugg,Strictly Come Dancing
Zoe Sugg,Pointless Blog Vlogs
Zoe Sugg,Thatcher Joe Vlogs
Zoe Sugg,Thatcher Joe
Zoe Sugg,Marcus Butler
Zoe Sugg,More Zoella
Zoe Sugg,The Creators
Zoe Sugg,The Great Comic Relief Bake Off
Zoe Sugg,Loose Women
Zoe Sugg,Newsround
Zoe Sugg,ThatcherJoe's Vlogmas
Zoe Sugg,YouTubers React
Zoe Sugg,Zoella
Zoe Sugg,Pointless Blog
Zoe Sugg,Celebrity: A 21st Century Story
Zoe Sugg,Thatcher Joe Vlogs
Zoe Sugg,Thatcher Joe
Bianca Sowerby,Our Cynthia
Bianca Sowerby,Hollyoaks
Bianca Sowerby,Cold Callers
Bianca Sowerby,Coronation Street
Bianca Sowerby,Banana
Bianca Sowerby,Fear of Water
Bianca Sowerby,Swallowed Lessons
Bianca Sowerby,Harry Potter and the Sorcerer's Stone
Bianca Sowerby,Byker Grove
Gerald Staddon,The League of Gentlemen
Gerald Staddon,Harry Potter and the Sorcerer's Stone
Gerald Staddon,Willow
Gerald Staddon,Wizbit
Gerald Staddon,Star Wars: Episode VI - Return of the Jedi
Gerald Staddon,The Dark Crystal
Gerald Staddon,The Goodies
Gerald Staddon,History of the World: Part I
Gerald Staddon,Space: 1999
Gerald Staddon,The Hitchhiker's Guide to the Galaxy
Louisa Sexton,Never Trust a Person Who Talks Too Much
Hazel Showham,The Janitors Closet
Hazel Showham,Harry Potter and the Goblet of Fire
Hazel Showham,Harry Potter and the Chamber of Secrets
Hazel Showham,Harry Potter and the Sorcerer's Stone
Louisa Sexton,The Ceiling
Louisa Sexton,Effigy
Louisa Sexton,Croix: The Prequel
Louisa Sexton,Third Bench on the Left
Louisa Sexton,New Bird
Louisa Sexton,Ghost
Louisa Sexton,Broken Eden
Louisa Sexton,Crime Stories
Louisa Sexton,Harry Potter and the Sorcerer's Stone
Louisa Sexton,Tears Before Bedtime
Louisa Sexton,The Ceiling
Louisa Sexton,Third Bench on the Left
Louisa Sexton,Third Bench on the Left
Louisa Sexton,Wellington: The Iron Duke Unmasked
Dominic Smith,Thunderpants
Dominic Smith,Harry Potter and the Sorcerer's Stone
Dominic Smith,Prince Charming
Kiran Shah,Dr. Spiderwack's Mind-boggling Compendium of Fantastic Urban Beasts
Kiran Shah,Resignation Day
Kiran Shah,Worzel Gummidge
Kiran Shah,Dracula
Kiran Shah,Star Wars: Episode IX - The Rise of Skywalker
Kiran Shah,Solo: A Star Wars Story
Kiran Shah,Star Wars: Episode VIII - The Last Jedi
Kiran Shah,Doctor Who
Kiran Shah,Rogue One: A Star Wars Story
Kiran Shah,Game of Thrones
Kiran Shah,Star Wars: Episode VII - The Force Awakens
Kiran Shah,The Hobbit: An Unexpected Journey
Kiran Shah,The Sounds of the Crickets
Kiran Shah,A Fantastic Fear of Everything
Kiran Shah,Kong Curling
Kiran Shah,Your Highness
Kiran Shah,Pixelface
Kiran Shah,Harvey Putter and the Ridiculous Premise
Kiran Shah,Paa
Kiran Shah,The Passion
Kiran Shah,That Mitchell and Webb Look
Kiran Shah,Shameless
Kiran Shah,"The Chronicles of Narnia: The Lion, the Witch and the Wardrobe"
Kiran Shah,The Chronicles of Narnia
Kiran Shah,Warp Vision: The Videos 1989-2004
Kiran Shah,The Work of Director Chris Cunningham
Kiran Shah,The Biggest Step
Mark Sealey,Deep Heat
Mark Sealey,Becoming the Main Event
Mark Sealey,The Harry Hill Movie
Mark Sealey,Sherlock Holmes: A Game of Shadows
Mark Sealey,Life's Too Short
Mark Sealey,Big Fat Gypsy Gangster
Mark Sealey,Harry Potter and the Deathly Hallows: Part 2
Kiran Shah,Harry Potter and the Sorcerer's Stone
Kiran Shah,Alice in Wonderland
Kiran Shah,Aphex Twin: Come to Daddy
Kiran Shah,Space Precinct
Kiran Shah,Black Beauty
Kiran Shah,U.F.O.
Kiran Shah,The Crucifer of Blood
Kiran Shah,Bullseye!
Kiran Shah,Jekyll and Hyde
Kiran Shah,The Adventures of Baron Munchausen
Kiran Shah,Masterpiece Mystery
Kiran Shah,The Sign of Four
Mark Sealey,Masters of Darkness
Mark Sealey,Harry Potter and the Sorcerer's Stone
Mark Sealey,Casualty
Mark Sealey,Buddy
Mark Sealey,Dramarama
Mark Sealey,Fantastic Beasts: The Crimes of Grindelwald
Mark Sealey,Fantastic Beasts and Where to Find Them
Mark Sealey,Clash of the Titans
Mark Sealey,Harry Potter and the Prisoner of Azkaban
Kiran Shah,Gothic
Kiran Shah,Legend
Kiran Shah,"Greystoke: The Legend of Tarzan, Lord of the Apes"
Kiran Shah,Star Wars: Episode VI - Return of the Jedi
Kiran Shah,The Dark Crystal
Kiran Shah,Indiana Jones and the Raiders of the Lost Ark
Mark Sealey,Haunted Maze
Mark Sealey,South Today
Mark Sealey,Pantoland
Kiran Shah,The Many Wives of Patrick
Kiran Shah,The People That Time Forgot
Kiran Shah,The Turning
Kiran Shah,Maleficent: Mistress of Evil
Kiran Shah,Holmes & Watson
Kiran Shah,The Hobbit: The Battle of the Five Armies
Kiran Shah,The Hobbit: The Desolation of Smaug
Kiran Shah,The Hobbit: An Unexpected Journey
Kiran Shah,Creation
Kiran Shah,The Lord of the Rings: The Fellowship of the Ring
Kiran Shah,Harry Potter and the Sorcerer's Stone
Kiran Shah,The World Is Not Enough
Kiran Shah,Elizabeth
Kiran Shah,Madeline
Kiran Shah,Merlin
Kiran Shah,Spice World
Kiran Shah,Titanic
Kiran Shah,Downtime
Kiran Shah,The Full Monty
Kiran Shah,The Butcher Boy
Kiran Shah,The Saint
Kiran Shah,Snow White: A Tale of Terror
Kiran Shah,Peak Practice
Kiran Shah,Hollow Reed
Kiran Shah,Mary Reilly
Kiran Shah,Braveheart
Kiran Shah,Interview with the Vampire: The Vampire Chronicles
Kiran Shah,Black Beauty
Kiran Shah,The Turn of the Screw
Kiran Shah,Into the West
Kiran Shah,City of Joy
Kiran Shah,The Adventures of Baron Munchausen
Kiran Shah,Aliens
Kiran Shah,The Company of Wolves
Kiran Shah,Indiana Jones and the Temple of Doom
Kiran Shah,Master of the Game
Kiran Shah,Krull
Kiran Shah,Star Wars: Episode VI - Return of the Jedi
Kiran Shah,The Dark Crystal
Kiran Shah,Dragonslayer
Kiran Shah,The Great Muppet Caper
Kiran Shah,Outland
Kiran Shah,Arabian Adventure
Kiran Shah,Superman
Kiran Shah,Candleshoe
Sarah Rorbach,The Demise
Sarah Rorbach,Swords of Scavelia
Sarah Rorbach,Rainbow Stories
Sarah Rorbach,Fellwalker
Sarah Rorbach,How It Feels
Sarah Rorbach,Whovians
Sarah Rorbach,Highlands
Kiran Shah,Rogue One: A Star Wars Story
Kiran Shah,Santa Muerte
Kiran Shah,The Hobbit: The Battle of the Five Armies
Kiran Shah,The Hobbit: The Desolation of Smaug
Kiran Shah,The Hobbit: An Unexpected Journey
Kiran Shah,When Did You Last See Your Father?
Kiran Shah,"Chot [Aaj Isko, Kal Tereko]"
Kiran Shah,The Lord of the Rings: The Return of the King
Kiran Shah,The Lord of the Rings: The Two Towers
Kiran Shah,The Lord of the Rings: The Fellowship of the Ring
Kiran Shah,Body Troopers
Sarah Rorbach,Set Me Free: Vol. II
Sarah Rorbach,Year X
Sarah Rorbach,Z-Listers
Sarah Rorbach,One Chance
Sarah Rorbach,Harry Potter and the Goblet of Fire
Sarah Rorbach,Harry Potter and the Chamber of Secrets
Sarah Rorbach,Harry Potter and the Sorcerer's Stone
Kiran Shah,Dr. Spiderwack's Mind-boggling Compendium of Fantastic Urban Beasts
Kiran Shah,Devil's Bar
Kiran Shah,Vulassic Park
Kiran Shah,Santa Muerte
Kiran Shah,The Throbbit
Kiran Shah,Weekend Lovers
Kiran Shah,Still Living
Kiran Shah,The Round Table
Kiran Shah,Pointless Celebrities
Kiran Shah,Prop Culture
Kiran Shah,The Star Wars Show
Kiran Shah,Secrets of the Force Awakens: A Cinematic Journey
Kiran Shah,The Throbbit
Kiran Shah,The Hobbit: The Chronicles of The Hobbit - Part 2: A Chance Meeting: Bree
Kiran Shah,The Hobbit: Video Blog 1 - Start of Production
Kiran Shah,Trapped!
Kiran Shah,The Dork of the Rings
Kiran Shah,"The Chronicles of Narnia: The Lion, the Witch and the Wardrobe: Creating Creatures"
Kiran Shah,The Bloopers of Narnia
Kiran Shah,Cameras in Middle-Earth
Kiran Shah,Cameras in Middle-Earth
Kiran Shah,Scale
